{
  "accuracy": 0.2,
  "precision_macro": 0.16176046176046177,
  "precision_weighted": 0.16213852813852814,
  "recall_macro": 0.19730392156862744,
  "recall_weighted": 0.2,
  "f1_macro": 0.16034353193773485,
  "f1_weighted": 0.16181127214170693,
  "mcc": -0.23655217417816735,
  "auc_roc": 0.42188428401663697,
  "rmse": 0.49321124949417655,
  "confusion_matrix": [
    [
      1,
      4,
      11
    ],
    [
      2,
      1,
      14
    ],
    [
      4,
      5,
      8
    ]
  ],
  "per_class_metrics": {
    "negative": {
      "precision": 0.14285714285714285,
      "recall": 0.0625,
      "f1-score": 0.08695652173913043,
      "support": 16.0
    },
    "neutral": {
      "precision": 0.1,
      "recall": 0.058823529411764705,
      "f1-score": 0.07407407407407407,
      "support": 17.0
    },
    "positive": {
      "precision": 0.24242424242424243,
      "recall": 0.47058823529411764,
      "f1-score": 0.32,
      "support": 17.0
    },
    "accuracy": 0.2,
    "macro avg": {
      "precision": 0.16176046176046177,
      "recall": 0.19730392156862744,
      "f1-score": 0.16034353193773485,
      "support": 50.0
    },
    "weighted avg": {
      "precision": 0.16213852813852814,
      "recall": 0.2,
      "f1-score": 0.16181127214170693,
      "support": 50.0
    }
  }
}